{"Italy24": {"b.1_NUC_7": 137.49710369110107, "d.1_NZE-NUC_7": 134.67203497886658}}