{"Italy24": {"b.1_NUC_7": 171.79041814804077, "d.1_NZE-NUC_7": 115.51479268074036}}