{"Italy24": {"b.3_NUC_17": 138.3454270362854, "d.3_NZE-NUC_17": 124.62425065040588}}