{"Italy24": {"b.3_NUC_17": 127.83236622810364, "d.3_NZE-NUC_17": 119.00839233398438}}