{"Italy24": {"b.2_NUC_13": 136.53749656677246, "d.2_NZE-NUC_13": 127.83002758026123}}