{"Italy24": {"b.2_NUC_13": 151.81173849105835, "d.2_NZE-NUC_13": 120.22590231895447}}