{"Italy24": {"a.1_STEPS_res": 124.98678207397461, "a.2.0_STEPS_inv": 78.80038785934448, "a.2.1_STEPS_inv_RESconst": 60.951987743377686, "a.2.2_STEPS_inv_RES50": 59.7293815612793, "a.2.3_STEPS_inv_CTgrow": 67.44541096687317, "a.2.4_STEPS_inv_ELZ50": 97.71735787391663, "b.0_NUC": 73.90400099754333, "c.NZE": 75.92886900901794, "d.0_NZE-NUC": 63.14278793334961}}