{"Italy24": {"a.1_STEPS_res": 175.43739557266235, "a.2.0_STEPS_inv": 111.60150456428528, "a.2.1_STEPS_inv_RESconst": 58.293795108795166, "a.2.2_STEPS_inv_RES50": 57.4247305393219, "a.2.3_STEPS_inv_CTgrow": 59.27962779998779, "a.2.4_STEPS_inv_ELZ50": 59.33295011520386, "b.0_NUC": 59.54486584663391, "c.NZE": 58.58285093307495, "d.0_NZE-NUC": 59.38158893585205}}