{"Italy24": {"a.1_STEPS_res": 86.06002068519592, "a.2.0_STEPS_inv": 70.60028219223022, "a.2.1_STEPS_inv_RESconst": 83.69959020614624, "a.2.2_STEPS_inv_RES50": 90.53834128379822, "a.2.3_STEPS_inv_CTgrow": 92.66283416748047, "b.0_NUC": 66.87362098693848, "c.NZE": 80.90645575523376, "d.0_NZE-NUC": 89.33371758460999}}